{"wrg_mbar": 0.00040043, "apgx_mbar": 0.0018468000000000002, "ts_utc": 1777262969.431435}
